Resumen,Clave de incidencia,ID de la incidencia,Tipo de Incidencia,Estado,Clave del proyecto,Nombre del proyecto,Tipo de proyecto,Responsable del proyecto,ID del responsable del proyecto,Descripción del proyecto,Prioridad,Resolución,Persona asignada,ID de la persona asignada,Informador,ID del informador,Creador,ID del creador,Creada,Actualizada,Vista por Última Vez,Resuelta,Fecha de vencimiento,Votos,Descripción,Entorno,Interesados,ID de los interesados,Estimación original,Trabajo restante estimado,Tiempo Trabajado,Relación de trabajo,Σ Estimación original,Σ Trabajo restante estimado,Σ Tiempo empleado,Nivel de Seguridad,Adjunto,Campo personalizado (Actual end),Campo personalizado (Actual start),Campo personalizado (Affected hardware),Campo personalizado (Affected services),Campo personalizado (Approvals),Campo personalizado (Categoría),Campo personalizado (Categoría de trabajo),Campo personalizado (Change reason),Campo personalizado (Change risk),Campo personalizado (Change type),Campo personalizado (Epic Color),Campo personalizado (Epic Name),Campo personalizado (Epic Status),Campo personalizado (Formularios abiertos),Campo personalizado (Formularios bloqueados),Campo personalizado (Formularios enviados),Campo personalizado (Impact),Campo personalizado (Issue color),Campo personalizado (Major incident),Campo personalizado (Metas),Campo personalizado (Pending reason),Campo personalizado (Project overview key),Campo personalizado (Project overview status),Campo personalizado (Rank),Campo personalizado (Request Type),Campo personalizado (Request language),Campo personalizado (Request participants),Campo personalizado (Responders),Calificación de satisfacción,Campo personalizado (Satisfaction date),Campo personalizado (Sentiment),Campo personalizado (Severity),Campo personalizado (Start date),Campo personalizado (Story point estimate),Campo personalizado (Target end),Campo personalizado (Target start),Campo personalizado (Team),Campo personalizado (Time to close after resolution),Campo personalizado (Time to first response),Campo personalizado (Time to resolution),Campo personalizado (Total de formularios),Campo personalizado (Urgency),Campo personalizado (Vulnerability),Campo personalizado ([CHART] Date of First Response),Campo personalizado ([CHART] Time in Status),Campo personalizado (development),Categoría de estado,Categoría de estado cambiada
La ubicación en el mapa no coinside con el lugar de recogida,MOVTTS5-2,10008,[System] Incident,Abierta,MOVTTS5,Movile Tripleten Sprint 5,service_desk,Itzel Galan,70121:08c3281e-0dd6-40c4-b0ae-2921dbb464f6,,Medium,,,,Itzel Galan,70121:08c3281e-0dd6-40c4-b0ae-2921dbb464f6,Itzel Galan,70121:08c3281e-0dd6-40c4-b0ae-2921dbb464f6,08/05/25 0:14,08/05/25 0:15,08/05/25 0:14,,,0,"*Descripcion:*
Al seleccionar un lugar de recogida en la lista desplegable, esta no se ubica en el mapa, si bien marca una ubicacion esta no coinside con el lugar de recogida.


*Pasos a seguir:*

# Ingresar a la app Lunch desde elel emulador de android Estudio.
# Seleccionar un lugar de recogida de la lista desplegable.
# Revisar el mapa y ubicar si coinside con el lugar de recogida seleccionado.

*Resultado Actual:*

El mapa no muestra el lugar de recogida seleccionado marca otra ubicación.

*Resultado Esperado:*

El mapa debe de mostrar la ubicacion del punto de recogida seleccionado.






!Captura de pantalla 2025-05-08 a la(s) 12.13.52 a.m..png|width=364,height=670,alt=""Captura de pantalla 2025-05-08 a la(s) 12.13.52 a.m..png""!",,Itzel Galan,70121:08c3281e-0dd6-40c4-b0ae-2921dbb464f6,,,,,,,,,08/may/25 12:15 AM;31b63b40-129c-4a3e-941a-c6dd00f53e84;Captura de pantalla 2025-05-08 a la(s) 12.13.52 a.m..png;https://itzelgalanbasurto.atlassian.net/rest/api/3/attachment/content/10000,,,,,com.atlassian.servicedesk.plugins.approvals.internal.customfield.ApprovalsCFValue@7e361e47,,incident-management,,,,,,,,,,Significant / Large,,,,,,,0|i0001b:,Report a system problem,inglés,,,,,,,,,,,,,-106:00,-76:00,,High,,,,,Por hacer,08/05/25 0:14
"No se abre ventana de detalles de pedido al agregar con el boton ""+""",MOVTTS5-3,10033,[System] Incident,Abierta,MOVTTS5,Movile Tripleten Sprint 5,service_desk,Itzel Galan,70121:08c3281e-0dd6-40c4-b0ae-2921dbb464f6,,Medium,,,,Itzel Galan,70121:08c3281e-0dd6-40c4-b0ae-2921dbb464f6,Itzel Galan,70121:08c3281e-0dd6-40c4-b0ae-2921dbb464f6,08/05/25 21:18,08/05/25 21:19,09/05/25 23:14,,,0,"*Descripción:*

Al agregar platillos, se debe de mostrar una pantalla de detalle de pedido, sin embargo esta no se muestra.

*Pasos a Seguir:*

# Ingresar a la app Lunch.
# Seleccionar un punto de recogida
# Dar click en el boton de avanzar.
# Agregar platillos

*Resultado actual:*

No se abre la ventana de detalle de pedido.

*Resultado esperado:*

Se abre ventana de detalle de pedido.



!Captura de pantalla 2025-05-08 a la(s) 9.18.54 p.m..png|width=360,height=660,alt=""Captura de pantalla 2025-05-08 a la(s) 9.18.54 p.m..png""!",,Itzel Galan,70121:08c3281e-0dd6-40c4-b0ae-2921dbb464f6,,,,,,,,,08/may/25 9:19 PM;31b63b40-129c-4a3e-941a-c6dd00f53e84;Captura de pantalla 2025-05-08 a la(s) 9.18.54 p.m..png;https://itzelgalanbasurto.atlassian.net/rest/api/3/attachment/content/10033,,,,,com.atlassian.servicedesk.plugins.approvals.internal.customfield.ApprovalsCFValue@5bd09721,,incident-management,,,,,,,,,,,,,,,,,0|i0001j:,Report a system problem,inglés,,,,,,,,,,,,,-98:00,-68:00,,,,,,,Por hacer,08/05/25 21:18
Al hacer un pedido no aparece el mensaje de recoger el pedido antes de que se enfrie.,MOVTTS5-7,10072,[System] Incident,Abierta,MOVTTS5,Movile Tripleten Sprint 5,service_desk,Itzel Galan,70121:08c3281e-0dd6-40c4-b0ae-2921dbb464f6,,Medium,,,,Itzel Galan,70121:08c3281e-0dd6-40c4-b0ae-2921dbb464f6,Itzel Galan,70121:08c3281e-0dd6-40c4-b0ae-2921dbb464f6,09/05/25 22:42,09/05/25 22:43,09/05/25 22:43,,,0,"*Descripción:*
Al realizar un pedido, debe de aparecer un mensaje que indique que se debe de recoger el pedido antes de que se enfrie.

*Pasos a seguir:*

# Ingresar a la app Lunch.
# Seleccionar un punto de recogida
# Dar click en el boton de avanzar.
# Agregar platillos
# hacer pedido

*Resultado actual:*

No aparece mensaje

*Resultado esperado:*
Mensaje que indique que se debe de recoger el pedido antes de que se enfrie.





!Captura de pantalla 2025-05-09 a la(s) 10.43.06 p.m..png|width=427,height=658,alt=""Captura de pantalla 2025-05-09 a la(s) 10.43.06 p.m..png""!",,Itzel Galan,70121:08c3281e-0dd6-40c4-b0ae-2921dbb464f6,,,,,,,,,09/may/25 10:43 PM;31b63b40-129c-4a3e-941a-c6dd00f53e84;Captura de pantalla 2025-05-09 a la(s) 10.43.06 p.m..png;https://itzelgalanbasurto.atlassian.net/rest/api/3/attachment/content/10069,,,,,com.atlassian.servicedesk.plugins.approvals.internal.customfield.ApprovalsCFValue@7873246f,,incident-management,,,,,,,,,,,,,,,,,0|i0002f:,Report a system problem,inglés,,,,,,,,,,,,,-90:00,-60:00,,,,,,,Por hacer,09/05/25 22:42
El importe no esta desglosado al final del pedido.,MOVTTS5-6,10070,[System] Incident,Abierta,MOVTTS5,Movile Tripleten Sprint 5,service_desk,Itzel Galan,70121:08c3281e-0dd6-40c4-b0ae-2921dbb464f6,,Medium,,,,Itzel Galan,70121:08c3281e-0dd6-40c4-b0ae-2921dbb464f6,Itzel Galan,70121:08c3281e-0dd6-40c4-b0ae-2921dbb464f6,09/05/25 19:19,09/05/25 19:20,09/05/25 19:20,,,0,"*Descripción:*
El importe final no viene desglosado con comida+ envio, solo dice el importe final.

*Pasos a Seguir:*


# Ingresar a la app Lunch.
# Seleccionar un punto de recogida
# Dar click en el boton de avanzar.
# Agregar platillos
# Dar click en avanzar
# Revisar el importe de los platillos.

*Resultado Actual:*

El importe final no esta desglosado comida + envio, solo menciona importe final.

*Resultado Esperado:*

El importe debe de venir desglosado comida + envio.



!Captura de pantalla 2025-05-09 a la(s) 7.20.05 p.m..png|width=362,height=669,alt=""Captura de pantalla 2025-05-09 a la(s) 7.20.05 p.m..png""!",,Itzel Galan,70121:08c3281e-0dd6-40c4-b0ae-2921dbb464f6,,,,,,,,,09/may/25 7:20 PM;31b63b40-129c-4a3e-941a-c6dd00f53e84;Captura de pantalla 2025-05-09 a la(s) 7.20.05 p.m..png;https://itzelgalanbasurto.atlassian.net/rest/api/3/attachment/content/10068,,,,,com.atlassian.servicedesk.plugins.approvals.internal.customfield.ApprovalsCFValue@4c0d29dd,,incident-management,,,,,,,,,,,,,,,,,0|i00027:,Report a system problem,inglés,,,,,,,,,,,,,-90:00,-60:00,,,,,,,Por hacer,09/05/25 19:19
En la ventana de pedido no indica la cantidad de cada platillo,MOVTTS5-5,10068,[System] Incident,Abierta,MOVTTS5,Movile Tripleten Sprint 5,service_desk,Itzel Galan,70121:08c3281e-0dd6-40c4-b0ae-2921dbb464f6,,Medium,,,,Itzel Galan,70121:08c3281e-0dd6-40c4-b0ae-2921dbb464f6,Itzel Galan,70121:08c3281e-0dd6-40c4-b0ae-2921dbb464f6,09/05/25 18:48,09/05/25 19:15,09/05/25 18:48,,,0,"*Descripción:*

Al llegar a la ventana de pedido, este muestra el nombre del platillo, sin embargo no señala la cantidad si solo es de 1, decir señala de 2 en adelante pero no cuando es uno.

*Pasos a seguir:*

# Ingresar a la app Lunch.
# Seleccionar un punto de recogida
# Dar click en el boton de avanzar.
# Agregar platillos
# Avanzar y llegar a la pantalla de Pedido.

*Resultado Actual:*

No muestra la cantidad de platillos escogidos para un platillo

*Resultado Esperado:*

Se debe de mostrar la cantidad de platillos agregados aunque solo sea 1.



!Captura de pantalla 2025-05-09 a la(s) 6.48.48 p.m..png|width=428,height=665,alt=""Captura de pantalla 2025-05-09 a la(s) 6.48.48 p.m..png""!",,Itzel Galan,70121:08c3281e-0dd6-40c4-b0ae-2921dbb464f6,,,,,,,,,09/may/25 6:49 PM;31b63b40-129c-4a3e-941a-c6dd00f53e84;Captura de pantalla 2025-05-09 a la(s) 6.48.48 p.m..png;https://itzelgalanbasurto.atlassian.net/rest/api/3/attachment/content/10067,,,,,com.atlassian.servicedesk.plugins.approvals.internal.customfield.ApprovalsCFValue@51717e1d,,incident-management,,,,,,,,,,,,,,,,,0|i0001z:,Report a system problem,inglés,,,,,,,,,,,,,-90:00,-60:00,,,,,,,Por hacer,09/05/25 18:48
Al elegir platillos no se muestra la lista de pedido.,MOVTTS5-4,10066,[System] Incident,Abierta,MOVTTS5,Movile Tripleten Sprint 5,service_desk,Itzel Galan,70121:08c3281e-0dd6-40c4-b0ae-2921dbb464f6,,Medium,,,,Itzel Galan,70121:08c3281e-0dd6-40c4-b0ae-2921dbb464f6,Itzel Galan,70121:08c3281e-0dd6-40c4-b0ae-2921dbb464f6,09/05/25 18:26,09/05/25 18:27,09/05/25 23:05,,,0,"*Descripción:*

Cuando se elige uno o varios platillos, no se muestra la lista de pedido.

*Pasos a Seguir:*

# Ingresar a la app Lunch con credenciales validas
# Escoger un lugar de recogida
# Dar click en el boton avanzar.
# Elegir uno o varios platillos

*Resultado Actual:*

No se muestra una lista de pedido.

*Resultado Esperado:*

Se muestra una lista de pedido al elegir uno o varios platillos.



!Captura de pantalla 2025-05-09 a la(s) 6.27.07 p.m..png|width=440,height=683,alt=""Captura de pantalla 2025-05-09 a la(s) 6.27.07 p.m..png""!",,Itzel Galan,70121:08c3281e-0dd6-40c4-b0ae-2921dbb464f6,,,,,,,,,09/may/25 6:27 PM;31b63b40-129c-4a3e-941a-c6dd00f53e84;Captura de pantalla 2025-05-09 a la(s) 6.27.07 p.m..png;https://itzelgalanbasurto.atlassian.net/rest/api/3/attachment/content/10066,,,,,com.atlassian.servicedesk.plugins.approvals.internal.customfield.ApprovalsCFValue@3ae19c4e,,incident-management,,,,,,,,,,,,,,,,,0|i0001r:,Report a system problem,inglés,,,,,,,,,,,,,-90:00,-60:00,,,,,,,Por hacer,09/05/25 18:26
No se muestra un temporizador de tiempo de prepracion y tiempo de entrega.,MOVTTS5-9,10101,[System] Incident,Abierta,MOVTTS5,Movile Tripleten Sprint 5,service_desk,Itzel Galan,70121:08c3281e-0dd6-40c4-b0ae-2921dbb464f6,,Medium,,,,Itzel Galan,70121:08c3281e-0dd6-40c4-b0ae-2921dbb464f6,Itzel Galan,70121:08c3281e-0dd6-40c4-b0ae-2921dbb464f6,12/05/25 18:18,12/05/25 18:19,12/05/25 18:18,,,0,"*Descripción:*

Al hacer un pedido y este ser enviado no se muestra un temporizador que indique el tiempo de preparación y el tiempo de envio.

*Pasos a seguir:*

# Abrir la app Lunch
# escoger un punto de recogida
# seleccionar un platillo
# hacer un pedido

*Resultado actual:*

no se muestra un temporizador

*Resultado esperado:*

Al hacer un pedido se debe de ver un temporizador que indique tiempo de preparación y tiempo de envio.



!Captura de pantalla 2025-05-12 a la(s) 6.18.46 p.m..png|width=380,height=661,alt=""Captura de pantalla 2025-05-12 a la(s) 6.18.46 p.m..png""!",,Itzel Galan,70121:08c3281e-0dd6-40c4-b0ae-2921dbb464f6,,,,,,,,,12/may/25 6:19 PM;31b63b40-129c-4a3e-941a-c6dd00f53e84;Captura de pantalla 2025-05-12 a la(s) 6.18.46 p.m..png;https://itzelgalanbasurto.atlassian.net/rest/api/3/attachment/content/10100,,,,,com.atlassian.servicedesk.plugins.approvals.internal.customfield.ApprovalsCFValue@4f9a5f6e,,incident-management,,,,,,,,,,,,,,,,,0|i0002v:,Report a system problem,inglés,,,,,,,,,,,,,-82:00,-52:00,,,,,,,Por hacer,12/05/25 18:18
El mapa no muestra el orden de los lugares de recogida,MOVTTS5-8,10099,[System] Incident,Abierta,MOVTTS5,Movile Tripleten Sprint 5,service_desk,Itzel Galan,70121:08c3281e-0dd6-40c4-b0ae-2921dbb464f6,,Medium,,,,Itzel Galan,70121:08c3281e-0dd6-40c4-b0ae-2921dbb464f6,Itzel Galan,70121:08c3281e-0dd6-40c4-b0ae-2921dbb464f6,12/05/25 18:03,12/05/25 18:04,12/05/25 18:04,,,0,"*Descripción:*

Al seleccionar un punto de recogida este se marca en el mapa con un punto negr, sin embargo al recorrer el mapa no se ve el orden de los lugares de recogida e inclusive dentro del mapa no se muestra el nombre del lugar de recogida.

*Pasos a seguir:*

# Entrar a la app Lunch
# Escoger un punto de recogida
# entrara al mapa y hacer la comprobación del orden y nombre de los puntos de recogida

*Resultado actual.*

No se muestra un orden y nombre de los puntos de recogida.

*Resultado Esperado:*

Se debe de mostrar un orden y los nombres dentro del mapa del lugar de recogida.



!Captura de pantalla 2025-05-12 a la(s) 6.04.10 p.m..png|width=355,height=664,alt=""Captura de pantalla 2025-05-12 a la(s) 6.04.10 p.m..png""!",,Itzel Galan,70121:08c3281e-0dd6-40c4-b0ae-2921dbb464f6,,,,,,,,,12/may/25 6:04 PM;31b63b40-129c-4a3e-941a-c6dd00f53e84;Captura de pantalla 2025-05-12 a la(s) 6.04.10 p.m..png;https://itzelgalanbasurto.atlassian.net/rest/api/3/attachment/content/10099,,,,,com.atlassian.servicedesk.plugins.approvals.internal.customfield.ApprovalsCFValue@48e473fe,,incident-management,,,,,,,,,,,,,,,,,0|i0002n:,Report a system problem,inglés,,,,,,,,,,,,,-82:00,-52:00,,,,,,,Por hacer,12/05/25 18:03